Nodos Explorados,Mejor Costo
5000,6130
10000,6100
15000,6080
20000,6050
25000,6030
30000,6000
35000,5980
40000,5950
45000,5930
50000,5900
55000,5880
60000,5850
65000,5830
70000,5800
75000,5780
80000,5750
85000,5730
90000,5700
95000,5670
100000,5650
105000,5620
110000,5600
115000,5570
120000,5550
125000,5520
130000,5500
135000,5470
140000,5460
145000,5460
150000,5460
155000,5460
160000,5460
165000,5460
170000,5460
175000,5460
180000,5460
185000,5460
190000,5460
195000,5460
200000,5460
205000,5460
210000,5460
215000,5460
220000,5460
225000,5460
230000,5460
235000,5460
240000,5460
245000,5460
250000,5460
255000,5460
260000,5460
265000,5460
270000,5460
275000,5460
280000,5460
285000,5460
290000,5460
295000,5460
300000,5460
305000,5460
310000,5460
315000,5460
320000,5460
325000,5460
330000,5460
335000,5460
340000,5460
345000,5460
350000,5460
355000,5460
360000,5460
365000,5460
370000,5460
375000,5460
380000,5460
385000,5460
390000,5460
395000,5460
400000,5460
405000,5460
410000,5460
415000,5460
420000,5460
425000,5460
430000,5460
435000,5460
440000,5460
445000,5460
450000,5460
455000,5460
460000,5460
465000,5460
470000,5460
475000,5460
480000,5460
485000,5460
490000,5460
495000,5460
500000,5460
505000,5460
510000,5460
515000,5460
520000,5460
525000,5460
530000,5460
535000,5460
540000,5460
545000,5460
550000,5460
555000,5460
560000,5460
565000,5460
570000,5460
575000,5460
580000,5460
585000,5460
590000,5460
595000,5460
600000,5460
605000,5460
610000,5460
615000,5460
620000,5460
625000,5460
630000,5460
635000,5460
640000,5460
645000,5460
650000,5460
655000,5460
660000,5460
665000,5460
670000,5460
675000,5460
680000,5460
685000,5460
690000,5460
695000,5460
700000,5460
705000,5460
710000,5460
715000,5460
720000,5460
725000,5460
730000,5460
735000,5460
740000,5460
745000,5460
750000,5460
755000,5460
760000,5460
765000,5460
770000,5460
775000,5460
780000,5460
785000,5460
790000,5460
795000,5460
800000,5460
805000,5460
810000,5460
815000,5460
820000,5460
825000,5460
830000,5460
835000,5460
840000,5460
845000,5460
850000,5460
855000,5460
860000,5460
865000,5460
870000,5460
875000,5460
880000,5460
885000,5460
890000,5460
895000,5460
900000,5460
905000,5460
910000,5460
915000,5460
920000,5460
925000,5460
930000,5460
935000,5460
940000,5460
945000,5460
950000,5460
955000,5460
960000,5460
965000,5460
970000,5460
975000,5460
980000,5460
985000,5460
990000,5460
995000,5460
1000000,5460
1005000,5460
1010000,5460
1015000,5460
1020000,5460
1025000,5460
1030000,5460
1035000,5460
1040000,5460
1045000,5460
1050000,5460
1055000,5460
1060000,5460
1065000,5460
1070000,5460
1075000,5460
1080000,5460
1085000,5460
1090000,5460
1095000,5460
1100000,5460
1105000,5460
1110000,5460
1115000,5460
1120000,5460
1125000,5460
1130000,5460
1135000,5460
1140000,5460
1145000,5460
1150000,5460
1155000,5460
1160000,5460
1165000,5460
1170000,5460
1175000,5460
1180000,5460
1185000,5460
1190000,5460
1195000,5460
1200000,5460
1205000,5460
1210000,5460
1215000,5460
1220000,5460
1225000,5460
1230000,5460
1235000,5460
1240000,5460
1245000,5460
1250000,5460
1255000,5460
1260000,5460
1265000,5460
1270000,5460
1275000,5460
1280000,5460
1285000,5460
1290000,5460
1295000,5460
1300000,5460
1305000,5460
1310000,5460
1315000,5460
1320000,5460
1325000,5460
1330000,5460
1335000,5460
1340000,5460
1345000,5460
1350000,5460
1355000,5460
1360000,5460
1365000,5460
1370000,5460
1375000,5460
1380000,5460
1385000,5460
1390000,5460
1395000,5460
1400000,5460
1405000,5460
1410000,5460
1415000,5460
1420000,5460
1425000,5460
1430000,5460
1435000,5460
1440000,5460
1445000,5460
1450000,5460
1455000,5460
1460000,5460
1465000,5460
1470000,5460
1475000,5460
1480000,5460
1485000,5460
1490000,5460
1495000,5460
1500000,5460
1505000,5460
1510000,5460
1515000,5460
1520000,5460
1525000,5460
1530000,5460
1535000,5460
1540000,5460
1545000,5460
1550000,5460
1555000,5460
1560000,5460
1565000,5460
1570000,5460
1575000,5460
1580000,5460
1585000,5460
1590000,5460
1595000,5460
1600000,5460
1605000,5460
1610000,5460
1615000,5460
1620000,5460
1625000,5460
1630000,5460
1635000,5460
1640000,5460
1645000,5460
1650000,5460
1655000,5460
1660000,5460
1665000,5460
1670000,5460
1675000,5460
1680000,5460
1685000,5460
1690000,5460
1695000,5460
1700000,5460
1705000,5460
1710000,5460
1715000,5460
1720000,5460
1725000,5460
1730000,5460
1735000,5460
1740000,5460
1745000,5460
1750000,5460
1755000,5460
1760000,5460
1765000,5460
1770000,5460
1775000,5460
1780000,5460
1785000,5460
1790000,5460
1795000,5460
1800000,5460
1805000,5460
1810000,5460
1815000,5460
1820000,5460
1825000,5460
1830000,5460
1835000,5460
1840000,5460
1845000,5460
1850000,5460
1855000,5460
1860000,5460
1865000,5460
1870000,5460
1875000,5460
1880000,5460
1885000,5460
1890000,5460
1895000,5460
1900000,5460
1905000,5460
1910000,5460
1915000,5460
1920000,5460
1925000,5460
1930000,5460
1935000,5460
1940000,5460
1945000,5460
1950000,5460
1955000,5460
1960000,5460
1965000,5460
1970000,5460
1975000,5460
1980000,5460
1985000,5460
1990000,5460
1995000,5460
2000000,5460
2005000,5460
2010000,5460
2015000,5460
2020000,5460
2025000,5460
2030000,5460
2035000,5460
2040000,5460
2045000,5460
2050000,5460
2055000,5460
2060000,5460
2065000,5460
2070000,5460
2075000,5460
2080000,5460
2085000,5460
2090000,5460
2095000,5460
2100000,5460
2105000,5460
2110000,5460
2115000,5460
2120000,5460
2125000,5460
2130000,5460
2135000,5460
2140000,5460
2145000,5460
2150000,5460
2155000,5460
2160000,5460
2165000,5460
2170000,5460
2175000,5460
2180000,5460
2185000,5460
2190000,5460
2195000,5460
2200000,5460
2205000,5460
2210000,5460
2215000,5460
2220000,5460
2225000,5460
2230000,5460
2235000,5460
2240000,5460
2245000,5460
2250000,5460
2255000,5460
2260000,5460
2265000,5460
2270000,5460
2275000,5460
2280000,5460
2285000,5460
2290000,5460
2295000,5460
2300000,5460
2305000,5460
2310000,5460
2315000,5460
2320000,5460
2325000,5460
2330000,5460
2335000,5460
2340000,5460
2345000,5460
2350000,5460
2355000,5460
2360000,5460
2365000,5460
2370000,5460
2375000,5460
2380000,5460
2385000,5460
2390000,5460
2395000,5460
2400000,5460
2405000,5460
2410000,5460
2415000,5460
2420000,5460
2425000,5460
2430000,5460
2435000,5460
2440000,5460
2445000,5460
2450000,5460
2455000,5460
2460000,5460
2465000,5460
2470000,5460
2475000,5460
2480000,5460
2485000,5460
2490000,5460
2495000,5460
2500000,5460
2505000,5460
2510000,5460
2515000,5460
2520000,5460
2525000,5460
2530000,5460
2535000,5460
2540000,5460
2545000,5460
2550000,5460
2555000,5460
2560000,5460
2565000,5460
2570000,5460
2575000,5460
2580000,5460
2585000,5460
2590000,5460
2595000,5460
2600000,5460
2605000,5460
2610000,5460
2615000,5460
2620000,5460
2625000,5460
2630000,5460
2635000,5460
2640000,5460
2645000,5460
2650000,5460
2655000,5460
2660000,5460
2665000,5460
2670000,5460
2675000,5460
2680000,5460
2685000,5460
2690000,5460
2695000,5460
2700000,5460
2705000,5460
2710000,5460
2715000,5460
2720000,5460
2725000,5460
2730000,5460
2735000,5460
2740000,5460
2745000,5460
2750000,5460
2755000,5460
2760000,5460
2765000,5460
2770000,5460
2775000,5460
2780000,5460
2785000,5460
2790000,5460
2795000,5460
2800000,5460
2805000,5460
2810000,5460
2815000,5460
2820000,5460
2825000,5460
2830000,5460
2835000,5460
2840000,5460
2845000,5460
2850000,5460
2855000,5460
2860000,5460
2865000,5460
2870000,5460
2875000,5460
2880000,5460
2885000,5460
2890000,5460
2895000,5460
2900000,5460
2905000,5460
2910000,5460
2915000,5460
2920000,5460
2925000,5460
2930000,5460
2935000,5460
2940000,5460
2945000,5460
2950000,5460
2955000,5460
2960000,5460
2965000,5460
2970000,5460
2975000,5460
2980000,5460
2985000,5460
2990000,5460
2995000,5460
3000000,5460
3005000,5460
3010000,5460
3015000,5460
3020000,5460
3025000,5460
3030000,5460
3035000,5460
3040000,5460
3045000,5460
3050000,5460
3055000,5460
3060000,5460
3065000,5460
3070000,5460
3075000,5460
3080000,5460
3085000,5460
3090000,5460
3095000,5460
3100000,5460
3105000,5460
3110000,5460
3115000,5460
3120000,5460
3125000,5460
3130000,5460
3135000,5460
3140000,5460
3145000,5460
3150000,5460
3155000,5460
3160000,5460
3165000,5460
3170000,5460
3175000,5460
3180000,5460
3185000,5460
3190000,5460
3195000,5460
3200000,5460
3205000,5460
3210000,5460
3215000,5460
3220000,5460
3225000,5460
3230000,5460
3235000,5460
3240000,5460
3245000,5460
3250000,5460
3255000,5460
3260000,5460
3265000,5460
3270000,5460
3275000,5460
3280000,5460
3285000,5460
3290000,5460
3295000,5460
3300000,5460
3305000,5460
3310000,5460
3315000,5460
3320000,5460
3325000,5460
3330000,5460
3335000,5460
3340000,5460
3345000,5460
3350000,5460
3355000,5460
3360000,5460
3365000,5460
3370000,5460
3375000,5460
3380000,5460
3385000,5460
3390000,5450
3395000,5450
3400000,5450
3405000,5450
3410000,5450
3415000,5450
3420000,5450
3425000,5450
3430000,5450
3435000,5450
3440000,5450
3445000,5450
3450000,5450
3455000,5450
3460000,5450
3465000,5450
3470000,5450
3475000,5450
3480000,5450
3485000,5450
3490000,5450
3495000,5450
3500000,5450
3505000,5450
3510000,5450
3515000,5450
3520000,5450
3525000,5450
3530000,5450
3535000,5450
3540000,5450
3545000,5450
3550000,5450
3555000,5450
3560000,5450
3565000,5450
3570000,5450
3575000,5450
3580000,5450
3585000,5450
3590000,5450
3595000,5450
3600000,5450
3605000,5450
3610000,5450
3615000,5450
3620000,5450
3625000,5450
3630000,5450
3635000,5450
3640000,5450
3645000,5450
3650000,5450
3655000,5450
3660000,5450
3665000,5450
3670000,5450
3675000,5450
3680000,5450
3685000,5450
3690000,5450
3695000,5450
3700000,5450
3705000,5450
3710000,5450
3715000,5450
3720000,5450
3725000,5450
3730000,5450
3735000,5450
3740000,5450
3745000,5450
3750000,5450
3755000,5450
3760000,5450
3765000,5450
3770000,5450
3775000,5450
3780000,5450
3785000,5450
3790000,5450
3795000,5450
3800000,5450
3805000,5450
3810000,5450
3815000,5450
3820000,5450
3825000,5450
3830000,5450
3835000,5450
3840000,5450
3845000,5450
3850000,5450
3855000,5450
3860000,5450
3865000,5450
3870000,5450
3875000,5450
3880000,5450
3885000,5450
3890000,5450
3895000,5450
3900000,5450
3905000,5450
3910000,5450
3915000,5450
3920000,5450
3925000,5450
3930000,5450
3935000,5450
3940000,5450
3945000,5450
3950000,5450
3955000,5450
3960000,5450
3965000,5450
3970000,5450
3975000,5450
3980000,5450
3985000,5450
3990000,5450
3995000,5450
4000000,5450
4005000,5450
4010000,5450
4015000,5450
4020000,5450
4025000,5450
4030000,5450
4035000,5450
4040000,5450
4045000,5450
4050000,5450
4055000,5450
4060000,5450
4065000,5450
4070000,5450
4075000,5450
4080000,5450
4085000,5450
4090000,5450
4095000,5450
4100000,5450
4105000,5450
4110000,5450
4115000,5450
4120000,5450
4125000,5450
4130000,5450
4135000,5450
4140000,5450
4145000,5450
4150000,5450
4155000,5450
4160000,5450
4165000,5450
4170000,5450
4175000,5450
4180000,5450
4185000,5450
4190000,5450
4195000,5450
4200000,5450
4205000,5450
4210000,5450
4215000,5450
4220000,5450
4225000,5450
4230000,5450
4235000,5450
4240000,5450
4245000,5450
4250000,5450
4255000,5450
4260000,5450
4265000,5450
4270000,5450
4275000,5450
4280000,5450
4285000,5450
4290000,5450
4295000,5450
4300000,5450
4305000,5450
4310000,5450
4315000,5450
4320000,5450
4325000,5450
4330000,5450
4335000,5450
4340000,5450
4345000,5450
4350000,5450
4355000,5450
4360000,5450
4365000,5450
4370000,5450
4375000,5450
4380000,5450
4385000,5450
4390000,5450
4395000,5450
4400000,5450
4405000,5450
4410000,5450
4415000,5450
4420000,5450
4425000,5450
4430000,5450
4435000,5450
4440000,5450
4445000,5450
4450000,5450
4455000,5450
4460000,5450
4465000,5450
4470000,5450
4475000,5450
4480000,5450
4485000,5450
4490000,5450
4495000,5450
4500000,5450
4505000,5450
4510000,5450
4515000,5450
4520000,5450
4525000,5450
4530000,5450
4535000,5450
4540000,5450
4545000,5450
4550000,5450
4555000,5450
4560000,5450
4565000,5450
4570000,5450
4575000,5450
4580000,5450
4585000,5450
4590000,5450
4595000,5450
4600000,5450
4605000,5450
4610000,5450
4615000,5450
4620000,5450
4625000,5450
4630000,5450
4635000,5450
4640000,5450
4645000,5450
4650000,5450
4655000,5450
4660000,5450
4665000,5450
4670000,5450
4675000,5450
4680000,5450
4685000,5450
4690000,5450
4695000,5450
4700000,5450
4705000,5450
4710000,5450
4715000,5450
4720000,5450
4725000,5450
4730000,5450
4735000,5450
4740000,5450
4745000,5450
4750000,5450
4755000,5450
4760000,5450
4765000,5450
4770000,5450
4775000,5450
4780000,5450
4785000,5450
4790000,5450
4795000,5450
4800000,5450
4805000,5450
4810000,5450
4815000,5450
4820000,5450
4825000,5450
4830000,5450
4835000,5450
4840000,5450
4845000,5450
4850000,5450
4855000,5450
4860000,5450
4865000,5450
4870000,5450
4875000,5450
4880000,5450
4885000,5450
4890000,5450
4895000,5450
4900000,5450
4905000,5450
4910000,5450
4915000,5450
4920000,5450
4925000,5450
4930000,5450
4935000,5450
4940000,5450
4945000,5450
4950000,5450
4955000,5450
4960000,5450
4965000,5450
4970000,5450
4975000,5450
4980000,5450
4985000,5450
4990000,5450
4995000,5450
5000000,5450
5005000,5450
5010000,5450
5015000,5450
5020000,5450
5025000,5450
5030000,5450
5035000,5450
5040000,5450
5045000,5450
5050000,5450
5055000,5450
5060000,5450
5065000,5450
5070000,5450
5075000,5450
5080000,5450
5085000,5450
5090000,5450
5095000,5450
5100000,5450
5105000,5450
5110000,5450
5115000,5450
5120000,5450
5125000,5450
5130000,5450
5135000,5450
5140000,5450
5145000,5450
5150000,5450
5155000,5450
5160000,5450
5165000,5450
5170000,5450
5175000,5450
5180000,5450
5185000,5450
5190000,5450
5195000,5450
5200000,5450
5205000,5450
5210000,5450
5215000,5450
5220000,5450
5225000,5450
5230000,5450
5235000,5450
5240000,5450
5245000,5450
5250000,5450
5255000,5450
5260000,5450
5265000,5450
5270000,5450
5275000,5450
5280000,5450
5285000,5450
5290000,5450
5295000,5450
5300000,5450
5305000,5450
5310000,5450
5315000,5450
5320000,5450
5325000,5450
5330000,5450
5335000,5450
5340000,5450
5345000,5450
5350000,5450
5355000,5450
5360000,5450
5365000,5450
5370000,5450
5375000,5450
5380000,5450
5385000,5450
5390000,5450
5395000,5450
5400000,5450
5405000,5450
5410000,5450
5415000,5450
5420000,5450
5425000,5450
5430000,5450
5435000,5450
5440000,5450
5445000,5450
5450000,5450
5455000,5450
5460000,5450
5465000,5450
5470000,5450
5475000,5450
5480000,5450
5485000,5450
5490000,5450
5495000,5450
5500000,5450
5505000,5450
5510000,5450
5515000,5450
5520000,5450
5525000,5450
5530000,5450
5535000,5450
5540000,5450
5545000,5450
5550000,5450
5555000,5450
5560000,5450
5565000,5450
5570000,5450
5575000,5450
5580000,5450
5585000,5450
5590000,5450
5595000,5450
5600000,5450
5605000,5450
5610000,5450
5615000,5450
5620000,5450
5625000,5450
5630000,5450
5635000,5450
5640000,5450
5645000,5450
5650000,5450
5655000,5450
5660000,5450
5665000,5450
5670000,5450
5675000,5450
5680000,5450
5685000,5450
5690000,5450
5695000,5450
5700000,5450
5705000,5450
5710000,5450
5715000,5450
5720000,5450
5725000,5450
5730000,5450
5735000,5450
5740000,5450
5745000,5450
5750000,5450
5755000,5450
5760000,5450
5765000,5450
5770000,5450
5775000,5450
5780000,5450
5785000,5450
5790000,5450
5795000,5450
5800000,5450
5805000,5450
5810000,5450
5815000,5450
5820000,5450
5825000,5450
5830000,5450
5835000,5450
5840000,5450
5845000,5450
5850000,5450
5855000,5450
5860000,5450
5865000,5450
5870000,5450
5875000,5450
5880000,5450
5885000,5450
5890000,5450
5895000,5450
5900000,5450
5905000,5450
5910000,5450
5915000,5450
5920000,5450
5925000,5450
5930000,5450
5935000,5450
5940000,5450
5945000,5450
5950000,5450
5955000,5450
5960000,5450
5965000,5450
5970000,5450
5975000,5450
5980000,5450
5985000,5450
5990000,5450
5995000,5450
6000000,5450
6005000,5450
6010000,5450
6015000,5450
6020000,5450
6025000,5450
6030000,5450
6035000,5450
6040000,5450
6045000,5450
6050000,5450
6055000,5450
6060000,5450
6065000,5450
6070000,5450
6075000,5450
6080000,5450
6085000,5450
6090000,5450
6095000,5450
6100000,5450
6105000,5450
6110000,5450
6115000,5450
6120000,5450
6125000,5450
6130000,5450
6135000,5450
6140000,5450
6145000,5450
6150000,5450
6155000,5450
6160000,5450
6165000,5450
6170000,5450
6175000,5450
6180000,5450
6185000,5450
6190000,5450
6195000,5450
6200000,5450
6205000,5450
6210000,5450
6215000,5450
6220000,5450
6225000,5450
6230000,5450
6235000,5450
6240000,5450
6245000,5450
6250000,5450
6255000,5450
6260000,5450
6265000,5450
6270000,5450
6275000,5450
6280000,5450
6285000,5450
6290000,5450
6295000,5450
6300000,5450
6305000,5450
6310000,5450
6315000,5450
6320000,5450
6325000,5450
6330000,5450
6335000,5450
6340000,5450
6345000,5450
6350000,5450
6355000,5450
6360000,5450
6365000,5450
6370000,5450
6375000,5450
6380000,5450
6385000,5450
6390000,5450
6395000,5450
6400000,5450
6405000,5450
6410000,5450
6415000,5450
6420000,5450
6425000,5450
6430000,5450
6435000,5450
6440000,5450
6445000,5450
6450000,5450
6455000,5450
6460000,5450
6465000,5450
6470000,5450
6475000,5450
6480000,5450
6485000,5450
6490000,5450
6495000,5450
6500000,5450
6505000,5450
6510000,5450
6515000,5450
6520000,5450
6525000,5450
6530000,5450
6535000,5450
6540000,5450
6545000,5450
6550000,5450
6555000,5450
6560000,5450
6565000,5450
6570000,5450
6575000,5450
6580000,5450
6585000,5450
6590000,5450
6595000,5450
6600000,5450
6605000,5450
6610000,5450
6615000,5450
6620000,5450
6625000,5450
6630000,5450
6635000,5450
6640000,5440
6645000,5440
6650000,5440
6655000,5440
6660000,5440
6665000,5440
6670000,5440
6675000,5440
6680000,5440
6685000,5440
6690000,5440
6695000,5440
6700000,5440
6705000,5440
6710000,5440
6715000,5440
6720000,5440
6725000,5440
6730000,5440
6735000,5440
6740000,5440
6745000,5440
6750000,5440
6755000,5440
6760000,5440
6765000,5440
6770000,5440
6775000,5440
6780000,5440
6785000,5440
6790000,5440
6795000,5440
6800000,5440
6805000,5440
6810000,5440
6815000,5440
6820000,5440
6825000,5440
6830000,5440
6835000,5440
6840000,5440
6845000,5440
6850000,5440
6855000,5440
6860000,5440
6865000,5440
6870000,5440
6875000,5440
6880000,5440
6885000,5440
6890000,5440
6895000,5440
6900000,5440
6905000,5440
6910000,5440
6915000,5440
6920000,5440
6925000,5440
6930000,5440
6935000,5440
6940000,5440
6945000,5440
6950000,5440
6955000,5440
6960000,5440
6965000,5440
6970000,5440
6975000,5440
6980000,5440
6985000,5440
6990000,5440
6995000,5440
7000000,5440
7005000,5440
7010000,5440
7015000,5440
7020000,5440
7025000,5440
7030000,5440
7035000,5440
7040000,5440
7045000,5440
7050000,5440
7055000,5440
7060000,5440
7065000,5440
7070000,5440
7075000,5440
7080000,5440
7085000,5440
7090000,5440
7095000,5440
7100000,5440
7105000,5440
7110000,5440
7115000,5440
7120000,5440
7125000,5440
7130000,5440
7135000,5440
7140000,5440
7145000,5440
7150000,5440
7155000,5440
7160000,5440
7165000,5440
7170000,5440
7175000,5440
7180000,5440
7185000,5440
7190000,5440
7195000,5440
7200000,5440
7205000,5440
7210000,5440
7215000,5440
7220000,5440
7225000,5440
7230000,5440
7235000,5440
7240000,5440
7245000,5440
7250000,5440
7255000,5440
7260000,5440
7265000,5440
7270000,5440
7275000,5440
7280000,5440
7285000,5440
7290000,5440
7295000,5440
7300000,5440
7305000,5440
7310000,5440
7315000,5440
7320000,5440
7325000,5440
7330000,5440
7335000,5440
7340000,5440
7345000,5440
7350000,5440
7355000,5440
7360000,5440
7365000,5440
7370000,5440
7375000,5440
7380000,5440
7385000,5440
7390000,5440
7395000,5440
7400000,5440
7405000,5440
7410000,5440
7415000,5440
7420000,5440
7425000,5440
7430000,5440
7435000,5440
7440000,5440
7445000,5440
7450000,5440
7455000,5440
7460000,5440
7465000,5440
7470000,5440
7475000,5440
7480000,5440
7485000,5440
7490000,5440
7495000,5440
7500000,5440
7505000,5440
7510000,5440
7515000,5440
7520000,5440
7525000,5440
7530000,5440
7535000,5440
7540000,5440
7545000,5440
7550000,5440
7555000,5440
7560000,5440
7565000,5440
7570000,5440
7575000,5440
7580000,5440
7585000,5440
7590000,5440
7595000,5440
7600000,5440
7605000,5440
7610000,5440
7615000,5440
7620000,5440
7625000,5440
7630000,5440
7635000,5440
7640000,5440
7645000,5440
7650000,5440
7655000,5440
7660000,5440
7665000,5440
7670000,5440
7675000,5440
7680000,5440
7685000,5440
7690000,5440
7695000,5440
7700000,5440
7705000,5440
7710000,5440
7715000,5440
7720000,5440
7725000,5440
7730000,5440
7735000,5440
7740000,5440
7745000,5440
7750000,5440
7755000,5440
7760000,5440
7765000,5440
7770000,5440
7775000,5440
7780000,5440
7785000,5440
7790000,5440
7795000,5440
7800000,5440
7805000,5440
7810000,5440
7815000,5440
7820000,5440
7825000,5440
7830000,5440
7835000,5440
7840000,5440
7845000,5440
7850000,5440
7855000,5440
7860000,5440
7865000,5440
7870000,5440
7875000,5440
7880000,5440
7885000,5440
7890000,5440
7895000,5440
7900000,5440
7905000,5440
7910000,5440
7915000,5440
7920000,5440
7925000,5440
7930000,5440
7935000,5440
7940000,5440
7945000,5440
7950000,5440
7955000,5440
7960000,5440
7965000,5440
7970000,5440
7975000,5440
7980000,5440
7985000,5440
7990000,5440
7995000,5440
8000000,5440
8005000,5440
8010000,5440
8015000,5440
8020000,5440
8025000,5440
8030000,5440
8035000,5440
8040000,5440
8045000,5440
8050000,5440
8055000,5440
8060000,5440
8065000,5440
8070000,5440
8075000,5440
8080000,5440
8085000,5440
8090000,5440
8095000,5440
8100000,5440
8105000,5440
8110000,5440
8115000,5440
8120000,5440
8125000,5440
8130000,5440
8135000,5440
8140000,5440
8145000,5440
8150000,5440
8155000,5440
8160000,5440
8165000,5440
8170000,5440
8175000,5440
8180000,5440
8185000,5440
8190000,5440
8195000,5440
8200000,5440
8205000,5440
8210000,5440
8215000,5440
8220000,5440
8225000,5440
8230000,5440
8235000,5440
8240000,5440
8245000,5440
8250000,5440
8255000,5440
8260000,5440
8265000,5440
8270000,5440
8275000,5440
8280000,5440
8285000,5440
8290000,5440
8295000,5440
8300000,5440
8305000,5440
8310000,5440
8315000,5440
8320000,5440
8325000,5440
8330000,5440
8335000,5440
8340000,5440
8345000,5440
8350000,5440
8355000,5440
8360000,5440
8365000,5440
8370000,5440
8375000,5440
8380000,5440
8385000,5440
8390000,5440
8395000,5440
8400000,5440
8405000,5440
8410000,5440
8415000,5440
8420000,5440
8425000,5440
8430000,5440
8435000,5440
8440000,5440
8445000,5440
8450000,5440
8455000,5440
8460000,5440
8465000,5440
8470000,5440
8475000,5440
8480000,5440
8485000,5440
8490000,5440
8495000,5440
8500000,5440
8505000,5440
8510000,5440
8515000,5440
8520000,5440
8525000,5440
8530000,5440
8535000,5440
8540000,5440
8545000,5440
8550000,5440
8555000,5440
8560000,5440
8565000,5440
8570000,5440
8575000,5440
8580000,5440
8585000,5440
8590000,5440
8595000,5440
8600000,5440
8605000,5440
8610000,5440
8615000,5440
8620000,5440
8625000,5440
8630000,5440
8635000,5440
8640000,5440
8645000,5440
8650000,5440
8655000,5440
8660000,5440
8665000,5440
8670000,5440
8675000,5440
8680000,5440
8685000,5440
8690000,5440
8695000,5440
8700000,5440
8705000,5440
8710000,5440
8715000,5440
8720000,5440
8725000,5440
8730000,5440
8735000,5440
8740000,5440
8745000,5440
8750000,5440
8755000,5440
8760000,5440
8765000,5440
8770000,5440
8775000,5440
8780000,5440
8785000,5440
8790000,5440
8795000,5440
8800000,5440
8805000,5440
8810000,5440
8815000,5440
8820000,5440
8825000,5440
8830000,5440
8835000,5440
8840000,5440
8845000,5440
8850000,5440
8855000,5440
8860000,5440
8865000,5440
8870000,5440
8875000,5440
8880000,5440
8885000,5440
8890000,5440
8895000,5440
8900000,5440
8905000,5440
8910000,5440
8915000,5440
8920000,5440
8925000,5440
8930000,5440
8935000,5440
8940000,5440
8945000,5440
8950000,5440
8955000,5440
8960000,5440
8965000,5440
8970000,5440
8975000,5440
8980000,5440
8985000,5440
8990000,5440
8995000,5440
9000000,5440
9005000,5440
9010000,5440
9015000,5440
9020000,5440
9025000,5440
9030000,5440
9035000,5440
9040000,5440
9045000,5440
9050000,5440
9055000,5440
9060000,5440
9065000,5440
9070000,5440
9075000,5440
9080000,5440
9085000,5440
9090000,5440
9095000,5440
9100000,5440
9105000,5440
9110000,5440
9115000,5440
9120000,5440
9125000,5440
9130000,5440
9135000,5440
9140000,5440
9145000,5440
9150000,5440
9155000,5440
9160000,5440
9165000,5440
9170000,5440
9175000,5440
9180000,5440
9185000,5440
9190000,5440
9195000,5440
9200000,5440
9205000,5440
9210000,5440
9215000,5440
9220000,5440
9225000,5440
9230000,5440
9235000,5440
9240000,5440
9245000,5440
9250000,5440
9255000,5440
9260000,5440
9265000,5440
9270000,5440
9275000,5440
9280000,5440
9285000,5440
9290000,5440
9295000,5440
9300000,5440
9305000,5440
9310000,5440
9315000,5440
9320000,5440
9325000,5440
9330000,5440
9335000,5440
9340000,5440
9345000,5440
9350000,5440
9355000,5440
9360000,5440
9365000,5440
9370000,5440
9375000,5440
9380000,5440
9385000,5440
9390000,5440
9395000,5440
9400000,5440
9405000,5440
9410000,5440
9415000,5440
9420000,5440
9425000,5440
9430000,5440
9435000,5440
9440000,5440
9445000,5440
9450000,5440
9455000,5440
9460000,5440
9465000,5440
9470000,5440
9475000,5440
9480000,5440
9485000,5440
9490000,5440
9495000,5440
9500000,5440
9505000,5440
9510000,5440
9515000,5440
9520000,5440
9525000,5440
9530000,5440
9535000,5440
9540000,5440
9545000,5440
9550000,5440
9555000,5440
9560000,5440
9565000,5440
9570000,5440
9575000,5440
9580000,5440
9585000,5440
9590000,5440
9595000,5440
9600000,5440
9605000,5440
9610000,5440
9615000,5440
9620000,5440
9625000,5440
9630000,5440
9635000,5440
9640000,5440
9645000,5440
9650000,5440
9655000,5440
9660000,5440
9665000,5440
9670000,5440
9675000,5440
9680000,5440
9685000,5440
9690000,5440
9695000,5440
9700000,5440
9705000,5440
9710000,5440
9715000,5440
9720000,5440
9725000,5440
9730000,5440
9735000,5440
9740000,5440
9745000,5440
9750000,5440
9755000,5440
9760000,5440
9765000,5440
9770000,5440
9775000,5440
9780000,5440
9785000,5440
9790000,5440
9795000,5440
9800000,5440
9805000,5440
9810000,5440
9815000,5440
9820000,5440
9825000,5440
9830000,5440
9835000,5440
9840000,5440
9845000,5440
9850000,5440
9855000,5440
9860000,5440
9865000,5440
9870000,5440
9875000,5440
9880000,5440
9885000,5440
9890000,5430
9895000,5430
9900000,5430
9905000,5430
9910000,5430
9915000,5430
9920000,5430
9925000,5430
9930000,5430
9935000,5430
9940000,5430
9945000,5430
9950000,5430
9955000,5430
9960000,5430
9965000,5430
9970000,5430
9975000,5430
9980000,5430
9985000,5430
9990000,5430
9995000,5430
10000000,5430
10005000,5430
10010000,5430
10015000,5430
10020000,5430
10025000,5430
10030000,5430
10035000,5430
10040000,5430
10045000,5430
10050000,5430
10055000,5430
10060000,5430
10065000,5430
10070000,5430
10075000,5430
10080000,5430
10085000,5430
10090000,5430
10095000,5430
10100000,5430
10105000,5430
10110000,5430
10115000,5430
10120000,5430
10125000,5430
10130000,5430
10135000,5430
10140000,5430
10145000,5430
10150000,5430
10155000,5430
10160000,5430
10165000,5430
10170000,5430
10175000,5430
10180000,5430
10185000,5430
10190000,5430
10195000,5430
10200000,5430
10205000,5430
10210000,5430
10215000,5430
10220000,5430
10225000,5430
10230000,5430
10235000,5430
10240000,5430
10245000,5430
10250000,5430
10255000,5430
10260000,5430
10265000,5430
10270000,5430
10275000,5430
10280000,5430
10285000,5430
10290000,5430
10295000,5430
10300000,5430
10305000,5430
10310000,5430
10315000,5430
10320000,5430
10325000,5430
10330000,5430
10335000,5430
10340000,5430
10345000,5430
10350000,5430
10355000,5430
10360000,5430
10365000,5430
10370000,5430
10375000,5430
10380000,5430
10385000,5430
10390000,5430
10395000,5430
10400000,5430
10405000,5430
10410000,5430
10415000,5430
10420000,5430
10425000,5430
10430000,5430
10435000,5430
10440000,5430
10445000,5430
10450000,5430
10455000,5430
10460000,5430
10465000,5430
10470000,5430
10475000,5430
10480000,5430
10485000,5430
10490000,5430
10495000,5430
10500000,5430
10505000,5430
10510000,5430
10515000,5430
10520000,5430
10525000,5430
10530000,5430
10535000,5430
10540000,5430
10545000,5430
10550000,5430
10555000,5430
10560000,5430
10565000,5430
10570000,5430
10575000,5430
10580000,5430
10585000,5430
10590000,5430
10595000,5430
10600000,5430
10605000,5430
10610000,5430
10615000,5430
10620000,5430
10625000,5430
10630000,5430
10635000,5430
10640000,5430
10645000,5430
10650000,5430
10655000,5430
10660000,5430
10665000,5430
10670000,5430
10675000,5430
10680000,5430
10685000,5430
10690000,5430
10695000,5430
10700000,5430
10705000,5430
10710000,5430
10715000,5430
10720000,5430
10725000,5430
10730000,5430
10735000,5430
10740000,5430
10745000,5430
10750000,5430
10755000,5430
10760000,5430
10765000,5430
10770000,5430
10775000,5430
10780000,5430
10785000,5430
10790000,5430
10795000,5430
10800000,5430
10805000,5430
10810000,5430
10815000,5430
10820000,5430
10825000,5430
10830000,5430
10835000,5430
10840000,5430
10845000,5430
10850000,5430
10855000,5430
10860000,5430
10865000,5430
10870000,5430
10875000,5430
10880000,5430
10885000,5430
10890000,5430
10895000,5430
10900000,5430
10905000,5430
10910000,5430
10915000,5430
10920000,5430
10925000,5430
10930000,5430
10935000,5430
10940000,5430
10945000,5430
10950000,5430
10955000,5430
10960000,5430
10965000,5430
10970000,5430
10975000,5430
10980000,5430
10985000,5430
10990000,5430
10995000,5430
11000000,5430
11005000,5430
11010000,5430
11015000,5430
11020000,5430
11025000,5430
11030000,5430
11035000,5430
11040000,5430
11045000,5430
11050000,5430
11055000,5430
11060000,5430
11065000,5430
11070000,5430
11075000,5430
11080000,5430
11085000,5430
11090000,5430
11095000,5430
11100000,5430
11105000,5430
11110000,5430
11115000,5430
11120000,5430
11125000,5430
11130000,5430
11135000,5430
11140000,5430
11145000,5430
11150000,5430
11155000,5430
11160000,5430
11165000,5430
11170000,5430
11175000,5430
11180000,5430
11185000,5430
11190000,5430
11195000,5430
11200000,5430
11205000,5430
11210000,5430
11215000,5430
11220000,5430
11225000,5430
11230000,5430
11235000,5430
11240000,5430
11245000,5430
11250000,5430
11255000,5430
11260000,5430
11265000,5430
11270000,5430
11275000,5430
11280000,5430
11285000,5430
11290000,5430
11295000,5430
11300000,5430
11305000,5430
11310000,5430
11315000,5430
11320000,5430
11325000,5430
11330000,5430
11335000,5430
11340000,5430
11345000,5430
11350000,5430
11355000,5430
11360000,5430
11365000,5430
11370000,5430
11375000,5430
11380000,5430
11385000,5430
11390000,5430
11395000,5430
11400000,5430
11405000,5430
11410000,5430
11415000,5430
11420000,5430
11425000,5430
11430000,5430
11435000,5430
11440000,5430
11445000,5430
11450000,5430
11455000,5430
11460000,5430
11465000,5430
11470000,5430
11475000,5430
11480000,5430
11485000,5430
11490000,5430
11495000,5430
11500000,5430
11505000,5430
11510000,5430
11515000,5430
11520000,5430
11525000,5430
11530000,5430
11535000,5430
11540000,5430
11545000,5430
11550000,5430
11555000,5430
11560000,5430
11565000,5430
11570000,5430
11575000,5430
11580000,5430
11585000,5430
11590000,5430
11595000,5430
11600000,5430
11605000,5430
11610000,5430
11615000,5430
11620000,5430
11625000,5430
11630000,5430
11635000,5430
11640000,5430
11645000,5430
11650000,5430
11655000,5430
11660000,5430
11665000,5430
11670000,5430
11675000,5430
11680000,5430
11685000,5430
11690000,5430
11695000,5430
11700000,5430
11705000,5430
11710000,5430
11715000,5430
11720000,5430
11725000,5430
11730000,5430
11735000,5430
11740000,5430
11745000,5430
11750000,5430
11755000,5430
11760000,5430
11765000,5430
11770000,5430
11775000,5430
11780000,5430
11785000,5430
11790000,5430
11795000,5430
11800000,5430
11805000,5430
11810000,5430
11815000,5430
11820000,5430
11825000,5430
11830000,5430
11835000,5430
11840000,5430
11845000,5430
11850000,5430
11855000,5430
11860000,5430
11865000,5430
11870000,5430
11875000,5430
11880000,5430
11885000,5430
11890000,5430
11895000,5430
11900000,5430
11905000,5430
11910000,5430
11915000,5430
11920000,5430
11925000,5430
11930000,5430
11935000,5430
11940000,5430
11945000,5430
11950000,5430
11955000,5430
11960000,5430
11965000,5430
11970000,5430
11975000,5430
11980000,5430
11985000,5430
11990000,5430
11995000,5430
12000000,5430
12005000,5430
12010000,5430
12015000,5430
12020000,5430
12025000,5430
12030000,5430
12035000,5430
12040000,5430
12045000,5430
12050000,5430
12055000,5430
12060000,5430
12065000,5430
12070000,5430
12075000,5430
12080000,5430
12085000,5430
12090000,5430
12095000,5430
12100000,5430
12105000,5430
12110000,5430
12115000,5430
12120000,5430
12125000,5430
12130000,5430
12135000,5430
12140000,5430
12145000,5430
12150000,5430
12155000,5430
12160000,5430
12165000,5430
12170000,5430
12175000,5430
12180000,5430
12185000,5430
12190000,5430
12195000,5430
12200000,5430
12205000,5430
12210000,5430
12215000,5430
12220000,5430
12225000,5430
12230000,5430
12235000,5430
12240000,5430
12245000,5430
12250000,5430
12255000,5430
12260000,5430
12265000,5430
12270000,5430
12275000,5430
12280000,5430
12285000,5430
12290000,5430
12295000,5430
12300000,5430
12305000,5430
12310000,5430
12315000,5430
12320000,5430
12325000,5430
12330000,5430
12335000,5430
12340000,5430
12345000,5430
12350000,5430
12355000,5430
12360000,5430
12365000,5430
12370000,5430
12375000,5430
12380000,5430
12385000,5430
12390000,5430
12395000,5430
12400000,5430
12405000,5430
12410000,5430
12415000,5430
12420000,5430
12425000,5430
12430000,5430
12435000,5430
12440000,5430
12445000,5430
12450000,5430
12455000,5430
12460000,5430
12465000,5430
12470000,5430
12475000,5430
12480000,5430
12485000,5430
12490000,5430
12495000,5430
12500000,5430
12505000,5430
12510000,5430
12515000,5430
12520000,5430
12525000,5430
12530000,5430
12535000,5430
12540000,5430
12545000,5430
12550000,5430
12555000,5430
12560000,5430
12565000,5430
12570000,5430
12575000,5430
12580000,5430
12585000,5430
12590000,5430
12595000,5430
12600000,5430
12605000,5430
12610000,5430
12615000,5430
12620000,5430
12625000,5430
12630000,5430
12635000,5430
12640000,5430
12645000,5430
12650000,5430
12655000,5430
12660000,5430
12665000,5430
12670000,5430
12675000,5430
12680000,5430
12685000,5430
12690000,5430
12695000,5430
12700000,5430
12705000,5430
12710000,5430
12715000,5430
12720000,5430
12725000,5430
12730000,5430
12735000,5430
12740000,5430
12745000,5430
12750000,5430
12755000,5430
12760000,5430
12765000,5430
12770000,5430
12775000,5430
12780000,5430
12785000,5430
12790000,5430
12795000,5430
12800000,5430
12805000,5430
12810000,5430
12815000,5430
12820000,5430
12825000,5430
12830000,5430
12835000,5430
12840000,5430
12845000,5430
12850000,5430
12855000,5430
12860000,5430
12865000,5430
12870000,5430
12875000,5430
12880000,5430
12885000,5430
12890000,5430
12895000,5430
12900000,5430
12905000,5430
12910000,5430
12915000,5430
12920000,5430
12925000,5430
12930000,5430
12935000,5430
12940000,5430
12945000,5430
12950000,5430
12955000,5430
12960000,5430
12965000,5430
12970000,5430
12975000,5430
12980000,5430
12985000,5430
12990000,5430
12995000,5430
13000000,5430
13005000,5430
13010000,5430
13015000,5430
13020000,5430
13025000,5430
13030000,5430
13035000,5430
13040000,5430
13045000,5430
13050000,5430
13055000,5430
13060000,5430
13065000,5430
13070000,5430
13075000,5430
13080000,5430
13085000,5430
13090000,5430
13095000,5430
13100000,5430
13105000,5430
13110000,5430
13115000,5430
13120000,5430
13125000,5430
13130000,5430
13135000,5430
13140000,5430
13145000,5420
13150000,5420
13155000,5420
13160000,5420
13165000,5420
13170000,5420
13175000,5420
13180000,5420
13185000,5420
13190000,5420
13195000,5420
13200000,5420
13205000,5420
13210000,5420
13215000,5420
13220000,5420
13225000,5420
13230000,5420
13235000,5420
13240000,5420
13245000,5420
13250000,5420
13255000,5420
13260000,5420
13265000,5420
13270000,5420
13275000,5420
13280000,5420
13285000,5420
13290000,5420
13295000,5420
13300000,5420
13305000,5420
13310000,5420
13315000,5420
13320000,5420
13325000,5420
13330000,5420
13335000,5420
13340000,5420
13345000,5420
13350000,5420
13355000,5420
13360000,5420
13365000,5420
13370000,5420
13375000,5420
13380000,5420
13385000,5420
13390000,5420
13395000,5420
13400000,5420
13405000,5420
13410000,5420
13415000,5420
13420000,5420
13425000,5420
13430000,5420
13435000,5420
13440000,5420
13445000,5420
13450000,5420
13455000,5420
13460000,5420
13465000,5420
13470000,5420
13475000,5420
13480000,5420
13485000,5420
13490000,5420
13495000,5420
13500000,5420
13505000,5420
13510000,5420
13515000,5420
13520000,5420
13525000,5420
13530000,5420
13535000,5420
13540000,5420
13545000,5420
13550000,5420
13555000,5420
13560000,5420
13565000,5420
13570000,5420
13575000,5420
13580000,5420
13585000,5420
13590000,5420
13595000,5420
13600000,5420
13605000,5420
13610000,5420
13615000,5420
13620000,5420
13625000,5420
13630000,5420
13635000,5420
13640000,5420
13645000,5420
13650000,5420
13655000,5420
13660000,5420
13665000,5420
13670000,5420
13675000,5420
13680000,5420
13685000,5420
13690000,5420
13695000,5420
13700000,5420
13705000,5420
13710000,5420
13715000,5420
13720000,5420
13725000,5420
13730000,5420
13735000,5420
13740000,5420
13745000,5420
13750000,5420
13755000,5420
13760000,5420
13765000,5420
13770000,5420
13775000,5420
13780000,5420
13785000,5420
13790000,5420
13795000,5420
13800000,5420
13805000,5420
13810000,5420
13815000,5420
13820000,5420
13825000,5420
13830000,5420
13835000,5420
13840000,5420
13845000,5420
13850000,5420
13855000,5420
13860000,5420
13865000,5420
13870000,5420
13875000,5420
13880000,5420
13885000,5420
13890000,5420
13895000,5420
13900000,5420
13905000,5420
13910000,5420
13915000,5420
13920000,5420
13925000,5420
13930000,5420
13935000,5420
13940000,5420
13945000,5420
13950000,5420
13955000,5420
13960000,5420
13965000,5420
13970000,5420
13975000,5420
13980000,5420
13985000,5420
13990000,5420
13995000,5420
14000000,5420
14005000,5420
14010000,5420
14015000,5420
14020000,5420
14025000,5420
14030000,5420
14035000,5420
14040000,5420
14045000,5420
14050000,5420
14055000,5420
14060000,5420
14065000,5420
14070000,5420
14075000,5420
14080000,5420
14085000,5420
14090000,5420
14095000,5420
14100000,5420
14105000,5420
14110000,5420
14115000,5420
14120000,5420
14125000,5420
14130000,5420
14135000,5420
14140000,5420
14145000,5420
14150000,5420
14155000,5420
14160000,5420
14165000,5420
14170000,5420
14175000,5420
14180000,5420
14185000,5420
14190000,5420
14195000,5420
14200000,5420
14205000,5420
14210000,5420
14215000,5420
14220000,5420
14225000,5420
14230000,5420
14235000,5420
14240000,5420
14245000,5420
14250000,5420
14255000,5420
14260000,5420
14265000,5420
14270000,5420
14275000,5420
14280000,5420
14285000,5420
14290000,5420
14295000,5420
14300000,5420
14305000,5420
14310000,5420
14315000,5420
14320000,5420
14325000,5420
14330000,5420
14335000,5420
14340000,5420
14345000,5420
14350000,5420
14355000,5420
14360000,5420
14365000,5420
14370000,5420
14375000,5420
14380000,5420
14385000,5420
14390000,5420
14395000,5420
14400000,5420
14405000,5420
14410000,5420
14415000,5420
14420000,5420
14425000,5420
14430000,5420
14435000,5420
14440000,5420
14445000,5420
14450000,5420
14455000,5420
14460000,5420
14465000,5420
14470000,5420
14475000,5420
14480000,5420
14485000,5420
14490000,5420
14495000,5420
14500000,5420
14505000,5420
14510000,5420
14515000,5420
14520000,5420
14525000,5420
14530000,5420
14535000,5420
14540000,5420
14545000,5420
14550000,5420
14555000,5420
14560000,5420
14565000,5420
14570000,5420
14575000,5420
14580000,5420
14585000,5420
14590000,5420
14595000,5420
14600000,5420
14605000,5420
14610000,5420
14615000,5420
14620000,5420
14625000,5420
14630000,5420
14635000,5420
14640000,5420
14645000,5420
14650000,5420
14655000,5420
14660000,5420
14665000,5420
14670000,5420
14675000,5420
14680000,5420
14685000,5420
14690000,5420
14695000,5420
14700000,5420
14705000,5420
14710000,5420
14715000,5420
14720000,5420
14725000,5420
14730000,5420
14735000,5420
14740000,5420
14745000,5420
14750000,5420
14755000,5420
14760000,5420
14765000,5420
14770000,5420
14775000,5420
14780000,5420
14785000,5420
14790000,5420
14795000,5420
14800000,5420
14805000,5420
14810000,5420
14815000,5420
14820000,5420
14825000,5420
14830000,5420
14835000,5420
14840000,5420
14845000,5420
14850000,5420
14855000,5420
14860000,5420
14865000,5420
14870000,5420
14875000,5420
14880000,5420
14885000,5420
14890000,5420
14895000,5420
14900000,5420
14905000,5420
14910000,5420
14915000,5420
14920000,5420
14925000,5420
14930000,5420
14935000,5420
14940000,5420
14945000,5420
14950000,5420
14955000,5420
14960000,5420
14965000,5420
14970000,5420
14975000,5420
14980000,5420
14985000,5420
14990000,5420
14995000,5420
15000000,5420
15005000,5420
15010000,5420
15015000,5420
15020000,5420
15025000,5420
15030000,5420
15035000,5420
15040000,5420
15045000,5420
15050000,5420
15055000,5420
15060000,5420
15065000,5420
15070000,5420
15075000,5420
15080000,5420
15085000,5420
15090000,5420
15095000,5420
15100000,5420
15105000,5420
15110000,5420
15115000,5420
15120000,5420
15125000,5420
15130000,5420
15135000,5420
15140000,5420
15145000,5420
15150000,5420
15155000,5420
15160000,5420
15165000,5420
15170000,5420
15175000,5420
15180000,5420
15185000,5420
15190000,5420
15195000,5420
15200000,5420
15205000,5420
15210000,5420
15215000,5420
15220000,5420
15225000,5420
15230000,5420
15235000,5420
15240000,5420
15245000,5420
15250000,5420
15255000,5420
15260000,5420
15265000,5420
15270000,5420
15275000,5420
15280000,5420
15285000,5420
15290000,5420
15295000,5420
15300000,5420
15305000,5420
15310000,5420
15315000,5420
15320000,5420
15325000,5420
15330000,5420
15335000,5420
15340000,5420
15345000,5420
15350000,5420
15355000,5420
15360000,5420
15365000,5420
15370000,5420
15375000,5420
15380000,5420
15385000,5420
15390000,5420
15395000,5420
15400000,5420
15405000,5420
15410000,5420
15415000,5420
15420000,5420
15425000,5420
15430000,5420
15435000,5420
15440000,5420
15445000,5420
15450000,5420
15455000,5420
15460000,5420
15465000,5420
15470000,5420
15475000,5420
15480000,5420
15485000,5420
15490000,5420
15495000,5420
15500000,5420
15505000,5420
15510000,5420
15515000,5420
15520000,5420
15525000,5420
15530000,5420
15535000,5420
15540000,5420
15545000,5420
15550000,5420
15555000,5420
15560000,5420
15565000,5420
15570000,5420
15575000,5420
15580000,5420
15585000,5420
15590000,5420
15595000,5420
15600000,5420
15605000,5420
15610000,5420
15615000,5420
15620000,5420
15625000,5420
15630000,5420
15635000,5420
15640000,5420
15645000,5420
15650000,5420
15655000,5420
15660000,5420
15665000,5420
15670000,5420
15675000,5420
15680000,5420
15685000,5420
15690000,5420
15695000,5420
15700000,5420
15705000,5420
15710000,5420
15715000,5420
15720000,5420
15725000,5420
15730000,5420
15735000,5420
15740000,5420
15745000,5420
15750000,5420
15755000,5420
15760000,5420
15765000,5420
15770000,5420
15775000,5420
15780000,5420
15785000,5420
15790000,5420
15795000,5420
15800000,5420
15805000,5420
15810000,5420
15815000,5420
15820000,5420
15825000,5420
15830000,5420
15835000,5420
15840000,5420
15845000,5420
15850000,5420
15855000,5420
15860000,5420
15865000,5420
15870000,5420
15875000,5420
15880000,5420
15885000,5420
15890000,5420
15895000,5420
15900000,5420
15905000,5420
15910000,5420
15915000,5420
15920000,5420
15925000,5420
15930000,5420
15935000,5420
15940000,5420
15945000,5420
15950000,5420
15955000,5420
15960000,5420
15965000,5420
15970000,5420
15975000,5420
15980000,5420
15985000,5420
15990000,5420
15995000,5420
16000000,5420
16005000,5420
16010000,5420
16015000,5420
16020000,5420
16025000,5420
16030000,5420
16035000,5420
16040000,5420
16045000,5420
16050000,5420
16055000,5420
16060000,5420
16065000,5420
16070000,5420
16075000,5420
16080000,5420
16085000,5420
16090000,5420
16095000,5420
16100000,5420
16105000,5420
16110000,5420
16115000,5420
16120000,5420
16125000,5420
16130000,5420
16135000,5420
16140000,5420
16145000,5420
16150000,5420
16155000,5420
16160000,5420
16165000,5420
16170000,5420
16175000,5420
16180000,5420
16185000,5420
16190000,5420
16195000,5420
16200000,5420
16205000,5420
16210000,5420
16215000,5420
16220000,5420
16225000,5420
16230000,5420
16235000,5420
16240000,5420
16245000,5420
16250000,5420
16255000,5420
16260000,5420
16265000,5420
16270000,5420
16275000,5420
16280000,5420
16285000,5420
16290000,5420
16295000,5420
16300000,5420
16305000,5420
16310000,5420
16315000,5420
16320000,5420
16325000,5420
16330000,5420
16335000,5420
16340000,5420
16345000,5420
16350000,5420
16355000,5420
16360000,5420
16365000,5420
16370000,5420
16375000,5420
16380000,5420
16385000,5420
16390000,5420
16395000,5410
16400000,5410
16405000,5410
16410000,5410
16415000,5410
16420000,5410
16425000,5410
16430000,5410
16435000,5410
16440000,5410
16445000,5410
16450000,5410
16455000,5410
16460000,5410
16465000,5410
16470000,5410
16475000,5410
16480000,5410
16485000,5410
16490000,5410
16495000,5410
16500000,5410
16505000,5410
16510000,5410
16515000,5410
16520000,5410
16525000,5410
16530000,5410
16535000,5410
16540000,5410
16545000,5410
16550000,5410
16555000,5410
16560000,5410
16565000,5410
16570000,5410
16575000,5410
16580000,5410
16585000,5410
16590000,5410
16595000,5410
16600000,5410
16605000,5410
16610000,5410
16615000,5410
16620000,5410
16625000,5410
16630000,5410
16635000,5410
16640000,5410
16645000,5410
16650000,5410
16655000,5410
16660000,5410
16665000,5410
16670000,5410
16675000,5410
16680000,5410
16685000,5410
16690000,5410
16695000,5410
16700000,5410
16705000,5410
16710000,5410
16715000,5410
16720000,5410
16725000,5410
16730000,5410
16735000,5410
16740000,5410
16745000,5410
16750000,5410
16755000,5410
16760000,5410
16765000,5410
16770000,5410
16775000,5410
16780000,5410
16785000,5410
16790000,5410
16795000,5410
16800000,5410
16805000,5410
16810000,5410
16815000,5410
16820000,5410
16825000,5410
16830000,5410
16835000,5410
16840000,5410
16845000,5410
16850000,5410
16855000,5410
16860000,5410
16865000,5410
16870000,5410
16875000,5410
16880000,5410
16885000,5410
16890000,5410
16895000,5410
16900000,5410
16905000,5410
16910000,5410
16915000,5410
16920000,5410
16925000,5410
16930000,5410
16935000,5410
16940000,5410
16945000,5410
16950000,5410
16955000,5410
16960000,5410
16965000,5410
16970000,5410
16975000,5410
16980000,5410
16985000,5410
16990000,5410
16995000,5410
17000000,5410
17005000,5410
17010000,5410
17015000,5410
17020000,5410
17025000,5410
17030000,5410
17035000,5410
17040000,5410
17045000,5410
17050000,5410
17055000,5410
17060000,5410
17065000,5410
17070000,5410
17075000,5410
17080000,5410
17085000,5410
17090000,5410
17095000,5410
17100000,5410
17105000,5410
17110000,5410
17115000,5410
17120000,5410
17125000,5410
17130000,5410
17135000,5410
17140000,5410
17145000,5410
17150000,5410
17155000,5410
17160000,5410
17165000,5410
17170000,5410
17175000,5410
17180000,5410
17185000,5410
17190000,5410
17195000,5410
17200000,5410
17205000,5410
17210000,5410
17215000,5410
17220000,5410
17225000,5410
17230000,5410
17235000,5410
17240000,5410
17245000,5410
17250000,5410
17255000,5410
17260000,5410
17265000,5410
17270000,5410
17275000,5410
17280000,5410
17285000,5410
17290000,5410
17295000,5410
17300000,5410
17305000,5410
17310000,5410
17315000,5410
17320000,5410
17325000,5410
17330000,5410
17335000,5410
17340000,5410
17345000,5410
17350000,5410
17355000,5410
17360000,5410
17365000,5410
17370000,5410
17375000,5410
17380000,5410
17385000,5410
17390000,5410
17395000,5410
17400000,5410
17405000,5410
17410000,5410
17415000,5410
17420000,5410
17425000,5410
17430000,5410
17435000,5410
17440000,5410
17445000,5410
17450000,5410
17455000,5410
17460000,5410
17465000,5410
17470000,5410
17475000,5410
17480000,5410
17485000,5410
17490000,5410
17495000,5410
17500000,5410
17505000,5410
17510000,5410
17515000,5410
17520000,5410
17525000,5410
17530000,5410
17535000,5410
17540000,5410
17545000,5410
17550000,5410
17555000,5410
17560000,5410
17565000,5410
17570000,5410
17575000,5410
17580000,5410
17585000,5410
17590000,5410
17595000,5410
17600000,5410
17605000,5410
17610000,5410
17615000,5410
17620000,5410
17625000,5410
17630000,5410
17635000,5410
17640000,5410
17645000,5410
17650000,5410
17655000,5410
17660000,5410
17665000,5410
17670000,5410
17675000,5410
17680000,5410
17685000,5410
17690000,5410
17695000,5410
17700000,5410
17705000,5410
17710000,5410
17715000,5410
17720000,5410
17725000,5410
17730000,5410
17735000,5410
17740000,5410
17745000,5410
17750000,5410
17755000,5410
17760000,5410
17765000,5410
17770000,5410
17775000,5410
17780000,5410
17785000,5410
17790000,5410
17795000,5410
17800000,5410
17805000,5410
17810000,5410
17815000,5410
17820000,5410
17825000,5410
17830000,5410
17835000,5410
17840000,5410
17845000,5410
17850000,5410
17855000,5410
17860000,5410
17865000,5410
17870000,5410
17875000,5410
17880000,5410
17885000,5410
17890000,5410
17895000,5410
17900000,5410
17905000,5410
17910000,5410
17915000,5410
17920000,5410
17925000,5410
17930000,5410
17935000,5410
17940000,5410
17945000,5410
17950000,5410
17955000,5410
17960000,5410
17965000,5410
17970000,5410
17975000,5410
17980000,5410
17985000,5410
17990000,5410
17995000,5410
18000000,5410
18005000,5410
18010000,5410
18015000,5410
18020000,5410
18025000,5410
18030000,5410
18035000,5410
18040000,5410
18045000,5410
18050000,5410
18055000,5410
18060000,5410
18065000,5410
18070000,5410
18075000,5410
18080000,5410
18085000,5410
18090000,5410
18095000,5410
18100000,5410
18105000,5410
18110000,5410
18115000,5410
18120000,5410
18125000,5410
18130000,5410
18135000,5410
18140000,5410
18145000,5410
18150000,5410
18155000,5410
18160000,5410
18165000,5410
18170000,5410
18175000,5410
18180000,5410
18185000,5410
18190000,5410
18195000,5410
18200000,5410
18205000,5410
18210000,5410
18215000,5410
18220000,5410
18225000,5410
18230000,5410
18235000,5410
18240000,5410
18245000,5410
18250000,5410
18255000,5410
18260000,5410
18265000,5410
18270000,5410
18275000,5410
18280000,5410
18285000,5410
18290000,5410
18295000,5410
18300000,5410
18305000,5410
18310000,5410
18315000,5410
18320000,5410
18325000,5410
18330000,5410
18335000,5410
18340000,5410
18345000,5410
18350000,5410
18355000,5410
18360000,5410
18365000,5410
18370000,5410
18375000,5410
18380000,5410
18385000,5410
18390000,5410
18395000,5410
18400000,5410
18405000,5410
18410000,5410
18415000,5410
18420000,5410
18425000,5410
18430000,5410
18435000,5410
18440000,5410
18445000,5410
18450000,5410
18455000,5410
18460000,5410
18465000,5410
18470000,5410
18475000,5410
18480000,5410
18485000,5410
18490000,5410
18495000,5410
18500000,5410
18505000,5410
18510000,5410
18515000,5410
18520000,5410
18525000,5410
18530000,5410
18535000,5410
18540000,5410
18545000,5410
18550000,5410
18555000,5410
18560000,5410
18565000,5410
18570000,5410
18575000,5410
18580000,5410
18585000,5410
18590000,5410
18595000,5410
18600000,5410
18605000,5410
18610000,5410
18615000,5410
18620000,5410
18625000,5410
18630000,5410
18635000,5410
18640000,5410
18645000,5410
18650000,5410
18655000,5410
18660000,5410
18665000,5410
18670000,5410
18675000,5410
18680000,5410
18685000,5410
18690000,5410
18695000,5410
18700000,5410
18705000,5410
18710000,5410
18715000,5410
18720000,5410
18725000,5410
18730000,5410
18735000,5410
18740000,5410
18745000,5410
18750000,5410
18755000,5410
18760000,5410
18765000,5410
18770000,5410
18775000,5410
18780000,5410
18785000,5410
18790000,5410
18795000,5410
18800000,5410
18805000,5410
18810000,5410
18815000,5410
18820000,5410
18825000,5410
18830000,5410
18835000,5410
18840000,5410
18845000,5410
18850000,5410
18855000,5410
18860000,5410
18865000,5410
18870000,5410
18875000,5410
18880000,5410
18885000,5410
18890000,5410
18895000,5410
18900000,5410
18905000,5410
18910000,5410
18915000,5410
18920000,5410
18925000,5410
18930000,5410
18935000,5410
18940000,5410
18945000,5410
18950000,5410
18955000,5410
18960000,5410
18965000,5410
18970000,5410
18975000,5410
18980000,5410
18985000,5410
18990000,5410
18995000,5410
19000000,5410
19005000,5410
19010000,5410
19015000,5410
19020000,5410
19025000,5410
19030000,5410
19035000,5410
19040000,5410
19045000,5410
19050000,5410
19055000,5410
19060000,5410
19065000,5410
19070000,5410
19075000,5410
19080000,5410
19085000,5410
19090000,5410
19095000,5410
19100000,5410
19105000,5410
19110000,5410
19115000,5410
19120000,5410
19125000,5410
19130000,5410
19135000,5410
19140000,5410
19145000,5410
19150000,5410
19155000,5410
19160000,5410
19165000,5410
19170000,5410
19175000,5410
19180000,5410
19185000,5410
19190000,5410
19195000,5410
19200000,5410
19205000,5410
19210000,5410
19215000,5410
19220000,5410
19225000,5410
19230000,5410
19235000,5410
19240000,5410
19245000,5410
19250000,5410
19255000,5410
19260000,5410
19265000,5410
19270000,5410
19275000,5410
19280000,5410
19285000,5410
19290000,5410
19295000,5410
19300000,5410
19305000,5410
19310000,5410
19315000,5410
19320000,5410
19325000,5410
19330000,5410
19335000,5410
19340000,5410
19345000,5410
19350000,5410
19355000,5410
19360000,5410
19365000,5410
19370000,5410
19375000,5410
19380000,5410
19385000,5410
19390000,5410
19395000,5410
19400000,5410
19405000,5410
19410000,5410
19415000,5410
19420000,5410
19425000,5410
19430000,5410
19435000,5410
19440000,5410
19445000,5410
19450000,5410
19455000,5410
19460000,5410
19465000,5410
19470000,5410
19475000,5410
19480000,5410
19485000,5410
19490000,5410
19495000,5410
19500000,5410
19505000,5410
19510000,5410
19515000,5410
19520000,5410
19525000,5410
19530000,5410
19535000,5410
19540000,5410
19545000,5410
19550000,5410
19555000,5410
19560000,5410
19565000,5410
19570000,5410
19575000,5410
19580000,5410
19585000,5410
19590000,5410
19595000,5410
19600000,5410
19605000,5410
19610000,5410
19615000,5410
19620000,5410
19625000,5410
19630000,5410
19635000,5410
19640000,5410
19645000,5400
19650000,5400
19655000,5400
19660000,5400
19665000,5400
19670000,5400
19675000,5400
19680000,5400
19685000,5400
19690000,5400
19695000,5400
19700000,5400
19705000,5400
19710000,5400
19715000,5400
19720000,5400
19725000,5400
19730000,5400
19735000,5400
19740000,5400
19745000,5400
19750000,5400
19755000,5400
19760000,5400
19765000,5400
19770000,5400
19775000,5400
19780000,5400
19785000,5400
19790000,5400
19795000,5400
19800000,5400
19805000,5400
19810000,5400
19815000,5400
19820000,5400
19825000,5400
19830000,5400
19835000,5400
19840000,5400
19845000,5400
19850000,5400
19855000,5400
19860000,5400
19865000,5400
19870000,5400
19875000,5400
19880000,5400
19885000,5400
19890000,5400
19895000,5400
19900000,5400
19905000,5400
19910000,5400
19915000,5400
19920000,5400
19925000,5400
19930000,5400
19935000,5400
19940000,5400
19945000,5400
19950000,5400
19955000,5400
19960000,5400
19965000,5400
19970000,5400
19975000,5400
19980000,5400
19985000,5400
19990000,5400
19995000,5400
20000000,5400
